[
  {
      "id": "balaton1",
      "user_name": "Balaton",
      "user_url": "",
      "photo_url": ""
  },
  {
      "id": "festetics",
      "user_name": "Festetics Kastely",
      "user_url": "",
      "photo_url": ""
  },
  {
      "id": "folli",
      "user_name": "Folly Abroretum",
      "user_url": "",
      "photo_url": ""
  },
  {
      "id": "hegyestu",
      "user_name": "Hegyestu Geologia",
      "user_url": "",
      "photo_url": ""
  },
  {
      "id": "tihany1",
      "user_name": "Tihany Apatsag",
      "user_url": "https://unsplash.com/@ddography?utm_source=unsample&utm_medium=referral&utm_campaign=api-credit",
      "photo_url": "https://unsplash.com/photos/eFXho78pQH8?utm_source=unsample&utm_medium=referral&utm_campaign=api-credit"
  }
]